embedding1,score1,embedding2,score2,tstatistic,pvalue,significant
Contextual,0.7069488194337591,Static,0.5762867677937781,22.258208150091043,0.06530290689073925,False
Contextual,0.7069488194337591,Pooled,0.7147872337365728,-4.69669132874106,0.06530290689073925,False
Pooled,0.7147872337365728,Static,0.5762867677937781,22.719346734618895,0.001,True
