embedding1,score1,embedding2,score2,tstatistic,pvalue,significant
Contextual,0.6789154223861328,Static,0.6056052405436754,4.281486366342463,0.0022970661943726434,True
Contextual,0.6789154223861328,Pooled,0.6679624839979534,2.448982779895363,0.37327934257914874,False
Pooled,0.6679624839979534,Static,0.6056052405436754,3.7036609457451046,0.10926791810517833,False
