embedding1,score1,embedding2,score2,tstatistic,pvalue,significant
Contextual,0.5891827957512044,Static,0.39074824267443703,16.773182468038424,0.001,True
Contextual,0.5891827957512044,Pooled,0.5472302233139444,5.490380137251176,0.06530290689073925,False
Pooled,0.5472302233139444,Static,0.39074824267443703,14.967492725658243,0.06530290689073925,False
