embedding1,score1,embedding2,score2,tstatistic,pvalue,significant
Contextual,0.6651214038294321,Static,0.4768358259187542,58.561766456402836,0.001,True
Contextual,0.6651214038294321,Pooled,0.6579961645480481,4.735909148040475,0.06530290689073925,False
Pooled,0.6579961645480481,Static,0.4768358259187542,58.689112551914484,0.06530290689073925,False
