sim_context1	sim_context2	change
1.0	2.83	1.83
2.0	2.33	0.33000000000000007
0.667	1.5	0.833
7.83	2.0	-5.83
0.833	6.5	5.667
0.667	0.833	0.16599999999999993
2.0	4.0	2.0
3.83	4.5	0.6699999999999999
5.0	3.17	-1.83
4.33	0.833	-3.497
8.67	8.83	0.16000000000000014
6.83	10.0	3.17
7.0	7.0	0.0
4.17	3.17	-1.0
4.33	0.0	-4.33
3.17	4.17	1.0
3.17	1.83	-1.3399999999999999
0.333	1.0	0.667
4.0	6.5	2.5
3.17	2.17	-1.0
2.17	3.33	1.1600000000000001
9.0	7.33	-1.67
4.83	5.17	0.33999999999999986
9.33	8.33	-1.0
