language,score,time
en,0.6494633960322292,2350.870232292
fi,0.6479353757457395,95.92408587499813
hr,0.6979864463289112,232.11954904100276
sl,0.5904586071577066,176.83627854200313
