language,score,time
en,0.6581531168492254,1034.7132376250001
fi,0.5920056514509573,44.925278667000384
hr,0.7150001918436475,108.09887062500002
sl,0.5382698007107753,89.22348779200001
