language,score,time
en,0.6476258521294044,1105.816839332998
fi,0.634237309355819,52.86885645800794
hr,0.6931333588482759,105.72408058401197
sl,0.5874702191685118,89.43863095800043
