language,score,time
en,0.6588619499012723,2099.3622137499997
fi,0.6017614549999402,85.6839549590004
hr,0.7172656009516004,230.54073241700007
sl,0.5430297442757329,169.05354491700018
