language,score,time
en,0.47181590202043355,29.280700916002388
fi,0.6407814790914815,10.94812433399784
hr,0.5791528185478118,6.580926875001751
sl,0.35205014320317696,5.150637833008659
