language,score,time
en,0.4718903353652819,42.7638923330087
fi,0.6342444538451143,11.956005708008888
hr,0.5793839440895439,8.651290333989891
sl,0.3592716493427345,6.5192191660025856
