model,model_name,language,window,operation,similarity,scoreevaluation,timeevaluation,scorepractice,timepractice
pooled,bert-large-uncased,en,1,sum,cosine,0.6193212493241635,201.889184499998,0.836107481427207,7.041796458011959
pooled,classla/bcms-bertic,hr,6,sum,cosine,0.6037400115692368,31.392146666999903,0.9515504814847198,2.1157321670034435
pooled,EMBEDDIA/crosloengual-bert,sl,1,sum,cosine,0.5390511773026284,29.355670583001483,0.9450976952858792,2.310393416992156
